"process","tasks","gateways","events","sequence_flows","complexity_score","complexity_level"
"01","8","6","2","18","20","low"
"02","16","8","2","31","32","medium"
"03","11","8","2","24","27","medium"
"04","10","8","2","24","26","medium"
"05","11","4","2","19","19","low"
"06","10","8","2","23","26","medium"
"07","13","18","2","42","49","high"
"08","12","4","2","20","20","low"
"09","13","8","2","27","29","medium"
"10","9","12","2","28","33","high"
"11","12","12","2","33","36","high"
"12","10","10","2","26","30","medium"
"13","9","4","2","16","17","low"
"14","10","2","2","14","14","low"
"15","10","4","2","18","18","low"
"16","24","14","2","49","52","high"
"17","25","16","2","51","57","high"
"18","26","22","2","60","70","high"
"19","8","8","2","21","24","medium"
"20","13","7","2","26","27","medium"
"21","7","6","2","17","19","low"
"22","9","3","8","20","15","low"
"23","7","4","5","16","15","low"
"24","18","1","11","28","20","low"
"25","13","16","3","39","45","high"
"26","12","8","2","26","28","medium"
"27","11","20","2","44","51","high"
"28","15","12","2","35","39","high"
"29","21","12","2","50","45","high"
"30","9","8","5","26","25","medium"
"31","15","15","2","40","45","high"
"32","15","14","2","37","43","high"
"33","13","10","2","29","33","high"
"34","11","10","2","29","31","medium"
"35","12","4","2","21","20","low"
"36","20","8","2","39","36","high"
"37","10","11","2","30","32","medium"
"38","11","8","4","26","27","medium"
"39","15","18","2","44","51","high"
"40","10","8","2","24","26","medium"
"41","13","6","2","25","25","medium"
"42","8","5","3","18","18","low"
"43","13","6","2","25","25","medium"
"44","15","10","3","32","35","high"
"45","13","10","2","29","33","high"
"46","11","7","2","23","25","medium"
"47","13","12","2","32","37","high"
"48","11","8","2","25","27","medium"
"49","10","6","2","20","22","low"
"50","7","2","2","11","11","low"
"51","8","2","2","12","12","low"
"52","4","2","2","8","8","low"
"53","4","2","2","8","8","low"
"54","3","0","2","4","3","low"
"55","29","7","2","42","43","high"
