"Process","Tasks","Gateways","Exclusive","Parallel","Inclusive","EventBased","Complex","ComplexityScore","ComplexityTier"
"01","8","6","4","2","0","0","0","20","低"
"02","16","8","6","2","0","0","0","32","中"
"03","11","8","6","2","0","0","0","27","中"
"04","10","8","2","6","0","0","0","26","中"
"05","11","4","4","0","0","0","0","19","低"
"06","10","8","6","2","0","0","0","26","中"
"07","13","18","12","6","0","0","0","49","高"
"08","12","4","2","2","0","0","0","20","低"
"09","13","8","4","4","0","0","0","29","中"
"10","9","12","8","4","0","0","0","33","中"
"11","12","12","6","6","0","0","0","36","高"
"12","10","10","6","4","0","0","0","30","中"
"13","9","4","4","0","0","0","0","17","低"
"14","10","2","2","0","0","0","0","14","低"
"15","10","4","2","2","0","0","0","18","低"
"16","24","14","8","6","0","0","0","52","高"
"17","25","16","12","4","0","0","0","57","高"
"18","26","22","16","6","0","0","0","70","高"
"19","8","8","4","4","0","0","0","24","低"
"20","13","7","4","3","0","0","0","27","中"
"21","7","6","3","1","2","0","0","19","低"
"22","9","3","2","0","0","1","0","15","低"
"23","7","4","4","0","0","0","0","15","低"
"24","18","1","0","0","0","1","0","20","低"
"25","13","16","12","4","0","0","0","45","高"
"26","12","8","4","4","0","0","0","28","中"
"27","11","20","18","2","0","0","0","51","高"
"28","15","12","4","6","2","0","0","39","高"
"29","21","12","10","2","0","0","0","45","高"
"30","9","8","6","2","0","0","0","25","中"
"31","15","15","7","8","0","0","0","45","高"
"32","15","14","8","4","2","0","0","43","高"
"33","13","10","8","2","0","0","0","33","中"
"34","11","10","8","2","0","0","0","31","中"
"35","12","4","2","2","0","0","0","20","低"
"36","20","8","4","4","0","0","0","36","高"
"37","10","11","9","1","0","0","1","32","中"
"38","11","8","6","2","0","0","0","27","中"
"39","15","18","16","2","0","0","0","51","高"
"40","10","8","6","2","0","0","0","26","中"
"41","13","6","4","2","0","0","0","25","中"
"42","8","5","3","2","0","0","0","18","低"
"43","13","6","4","2","0","0","0","25","中"
"44","15","10","6","4","0","0","0","35","高"
"45","13","10","6","4","0","0","0","33","中"
"46","11","7","5","2","0","0","0","25","中"
"47","13","12","10","2","0","0","0","37","高"
"48","11","8","4","4","0","0","0","27","中"
"49","10","6","4","2","0","0","0","22","低"
"50","7","2","2","0","0","0","0","11","低"
"51","8","2","2","0","0","0","0","12","低"
"52","4","2","2","0","0","0","0","8","低"
"53","4","2","2","0","0","0","0","8","低"
"54","3","0","0","0","0","0","0","3","低"
"55","29","7","7","0","0","0","0","43","高"
